211.5,2020-07-22 10:50:50
211.5,2020-07-22 10:50:50
211.5,2020-07-22 10:50:52
211.45,2020-07-22 10:50:52
211.45,2020-07-22 10:50:53
211.4,2020-07-22 10:50:54
211.4,2020-07-22 10:50:54
211.5,2020-07-22 10:50:55
211.4,2020-07-22 10:50:56
211.45,2020-07-22 10:50:56
211.5,2020-07-22 10:50:57
211.5,2020-07-22 10:50:57
211.5,2020-07-22 10:50:58
211.5,2020-07-22 10:50:59
211.5,2020-07-22 10:51:00
211.5,2020-07-22 10:51:01
211.55,2020-07-22 10:51:02
211.55,2020-07-22 10:51:02
211.55,2020-07-22 10:51:03
211.6,2020-07-22 10:51:04
211.45,2020-07-22 10:51:04
211.45,2020-07-22 10:51:05
211.6,2020-07-22 10:51:06
211.6,2020-07-22 10:51:07
211.45,2020-07-22 10:51:08
211.45,2020-07-22 10:51:09
211.45,2020-07-22 10:51:09
211.45,2020-07-22 10:51:10
211.45,2020-07-22 10:51:12
211.4,2020-07-22 10:51:12
211.4,2020-07-22 10:51:13
211.4,2020-07-22 10:51:13
211.4,2020-07-22 10:51:14
211.4,2020-07-22 10:51:16
211.45,2020-07-22 10:51:17
211.45,2020-07-22 10:51:18
211.35,2020-07-22 10:51:18
211.4,2020-07-22 10:51:19
211.4,2020-07-22 10:51:19
211.45,2020-07-22 10:51:20
211.45,2020-07-22 10:51:20
211.4,2020-07-22 10:51:21
211.4,2020-07-22 10:51:22
211.4,2020-07-22 10:51:23
211.45,2020-07-22 10:51:23
211.35,2020-07-22 10:51:24
211.35,2020-07-22 10:51:25
211.35,2020-07-22 10:51:26
211.4,2020-07-22 10:51:27
211.4,2020-07-22 10:51:27
211.4,2020-07-22 10:51:28
211.25,2020-07-22 10:51:28
211.4,2020-07-22 10:51:29
211.4,2020-07-22 10:51:30
211.25,2020-07-22 10:51:30
211.25,2020-07-22 10:51:31
211.4,2020-07-22 10:51:31
211.4,2020-07-22 10:51:32
211.4,2020-07-22 10:51:33
211.3,2020-07-22 10:51:34
211.35,2020-07-22 10:51:36
211.35,2020-07-22 10:51:37
211.35,2020-07-22 10:51:38
211.4,2020-07-22 10:51:38
211.4,2020-07-22 10:51:39
211.4,2020-07-22 10:51:40
211.4,2020-07-22 10:51:41
211.4,2020-07-22 10:51:42
211.4,2020-07-22 10:51:42
211.3,2020-07-22 10:51:44
211.4,2020-07-22 10:51:44
211.4,2020-07-22 10:51:44
211.4,2020-07-22 10:51:45
211.4,2020-07-22 10:51:46
211.4,2020-07-22 10:51:47
211.4,2020-07-22 10:51:48
211.45,2020-07-22 10:51:49
211.45,2020-07-22 10:51:50
211.4,2020-07-22 10:51:51
211.45,2020-07-22 10:51:53
211.4,2020-07-22 10:51:53
211.4,2020-07-22 10:51:54
211.4,2020-07-22 10:51:54
211.4,2020-07-22 10:51:55
211.4,2020-07-22 10:51:56
211.4,2020-07-22 10:51:57
211.4,2020-07-22 10:51:57
211.4,2020-07-22 10:51:58
211.45,2020-07-22 10:51:59
211.45,2020-07-22 10:52:00
211.45,2020-07-22 10:52:01
211.4,2020-07-22 10:52:01
211.45,2020-07-22 10:52:04
211.45,2020-07-22 10:52:05
211.45,2020-07-22 10:52:06
211.45,2020-07-22 10:52:07
211.45,2020-07-22 10:52:08
211.4,2020-07-22 10:52:09
211.45,2020-07-22 10:52:10
211.45,2020-07-22 10:52:11
211.45,2020-07-22 10:52:12
211.45,2020-07-22 10:52:13
211.45,2020-07-22 10:52:14
211.45,2020-07-22 10:52:15
211.45,2020-07-22 10:52:16
211.4,2020-07-22 10:52:17
211.4,2020-07-22 10:52:17
211.4,2020-07-22 10:52:19
211.4,2020-07-22 10:52:20
211.5,2020-07-22 10:52:21
211.5,2020-07-22 10:52:21
211.45,2020-07-22 10:52:22
211.45,2020-07-22 10:52:22
211.45,2020-07-22 10:52:23
211.55,2020-07-22 10:52:24
211.55,2020-07-22 10:52:25
211.55,2020-07-22 10:52:26
211.45,2020-07-22 10:52:26
211.45,2020-07-22 10:52:27
211.45,2020-07-22 10:52:28
211.45,2020-07-22 10:52:29
211.45,2020-07-22 10:52:30
211.55,2020-07-22 10:52:30
211.55,2020-07-22 10:52:31
211.55,2020-07-22 10:52:31
211.6,2020-07-22 10:52:32
211.6,2020-07-22 10:52:33
211.5,2020-07-22 10:52:34
211.5,2020-07-22 10:52:36
211.65,2020-07-22 10:52:36
211.65,2020-07-22 10:52:38
211.65,2020-07-22 10:52:38
211.65,2020-07-22 10:52:39
211.65,2020-07-22 10:52:40
211.65,2020-07-22 10:52:41
211.65,2020-07-22 10:52:43
211.65,2020-07-22 10:52:44
211.65,2020-07-22 10:52:44
211.65,2020-07-22 10:52:44
211.65,2020-07-22 10:52:45
211.65,2020-07-22 10:52:46
211.65,2020-07-22 10:52:47
211.65,2020-07-22 10:52:48
211.65,2020-07-22 10:52:50
211.55,2020-07-22 10:52:50
211.55,2020-07-22 10:52:51
211.55,2020-07-22 10:52:51
211.55,2020-07-22 10:52:52
211.5,2020-07-22 10:52:53
211.5,2020-07-22 10:52:53
211.5,2020-07-22 10:52:54
211.5,2020-07-22 10:52:54
211.5,2020-07-22 10:52:55
211.5,2020-07-22 10:52:56
211.5,2020-07-22 10:52:56
211.5,2020-07-22 10:52:57
211.5,2020-07-22 10:52:59
211.5,2020-07-22 10:52:59
211.5,2020-07-22 10:53:00
211.5,2020-07-22 10:53:01
211.5,2020-07-22 10:53:02
211.5,2020-07-22 10:53:03
211.5,2020-07-22 10:53:04
211.5,2020-07-22 10:53:05
211.55,2020-07-22 10:53:05
211.55,2020-07-22 10:53:05
211.55,2020-07-22 10:53:06
211.55,2020-07-22 10:53:07
211.55,2020-07-22 10:53:09
211.55,2020-07-22 10:53:10
211.55,2020-07-22 10:53:11
211.55,2020-07-22 10:53:12
211.55,2020-07-22 10:53:14
211.5,2020-07-22 10:53:15
211.5,2020-07-22 10:53:15
211.5,2020-07-22 10:53:16
211.55,2020-07-22 10:53:16
211.5,2020-07-22 10:53:17
211.5,2020-07-22 10:53:18
211.45,2020-07-22 10:53:19
211.5,2020-07-22 10:53:20
211.5,2020-07-22 10:53:20
211.5,2020-07-22 10:53:21
211.4,2020-07-22 10:53:22
211.3,2020-07-22 10:53:23
211.3,2020-07-22 10:53:25
211.5,2020-07-22 10:53:26
211.5,2020-07-22 10:53:26
211.5,2020-07-22 10:53:27
211.6,2020-07-22 10:53:28
211.6,2020-07-22 10:53:29
211.45,2020-07-22 10:53:31
211.45,2020-07-22 10:53:32
211.45,2020-07-22 10:53:33
211.6,2020-07-22 10:53:33
211.6,2020-07-22 10:53:34
211.45,2020-07-22 10:53:35
211.5,2020-07-22 10:53:36
211.5,2020-07-22 10:53:36
211.5,2020-07-22 10:53:37
211.5,2020-07-22 10:53:38
211.5,2020-07-22 10:53:39
211.5,2020-07-22 10:53:40
211.45,2020-07-22 10:53:41
211.45,2020-07-22 10:53:41
211.45,2020-07-22 10:53:42
211.45,2020-07-22 10:53:43
211.45,2020-07-22 10:53:43
211.45,2020-07-22 10:53:45
211.5,2020-07-22 10:53:46
211.5,2020-07-22 10:53:47
211.5,2020-07-22 10:53:47
211.5,2020-07-22 10:53:48
211.5,2020-07-22 10:53:48
211.5,2020-07-22 10:53:49
211.5,2020-07-22 10:53:51
211.5,2020-07-22 10:53:51
211.5,2020-07-22 10:53:52
211.5,2020-07-22 10:53:53
211.5,2020-07-22 10:53:53
211.5,2020-07-22 10:53:54
211.5,2020-07-22 10:53:55
211.5,2020-07-22 10:53:56
211.5,2020-07-22 10:53:57
211.5,2020-07-22 10:53:57
211.6,2020-07-22 10:53:58
211.6,2020-07-22 10:53:59
211.65,2020-07-22 10:54:00
211.65,2020-07-22 10:54:02
211.65,2020-07-22 10:54:03
211.65,2020-07-22 10:54:03
211.65,2020-07-22 10:54:04
211.65,2020-07-22 10:54:06
211.55,2020-07-22 10:54:06
211.55,2020-07-22 10:54:07
211.55,2020-07-22 10:54:08
211.7,2020-07-22 10:54:08
211.55,2020-07-22 10:54:08
211.55,2020-07-22 10:54:09
211.65,2020-07-22 10:54:10
211.65,2020-07-22 10:54:11
211.65,2020-07-22 10:54:12
211.65,2020-07-22 10:54:13
211.55,2020-07-22 10:54:14
211.55,2020-07-22 10:54:15
211.55,2020-07-22 10:54:16
211.55,2020-07-22 10:54:16
211.55,2020-07-22 10:54:17
211.55,2020-07-22 10:54:17
211.55,2020-07-22 10:54:18
211.55,2020-07-22 10:54:19
211.55,2020-07-22 10:54:20
211.55,2020-07-22 10:54:21
211.55,2020-07-22 10:54:22
211.5,2020-07-22 10:54:22
211.5,2020-07-22 10:54:23
211.5,2020-07-22 10:54:24
211.5,2020-07-22 10:54:25
211.4,2020-07-22 10:54:26
211.45,2020-07-22 10:54:27
211.45,2020-07-22 10:54:28
211.4,2020-07-22 10:54:29
211.4,2020-07-22 10:54:29
211.4,2020-07-22 10:54:31
211.4,2020-07-22 10:54:32
211.4,2020-07-22 10:54:32
211.45,2020-07-22 10:54:33
211.45,2020-07-22 10:54:34
211.45,2020-07-22 10:54:35
211.45,2020-07-22 10:54:36
211.5,2020-07-22 10:54:37
211.5,2020-07-22 10:54:37
211.5,2020-07-22 10:54:38
211.5,2020-07-22 10:54:39
211.4,2020-07-22 10:54:41
211.4,2020-07-22 10:54:41
211.4,2020-07-22 10:54:42
211.5,2020-07-22 10:54:42
211.4,2020-07-22 10:54:43
211.45,2020-07-22 10:54:43
211.45,2020-07-22 10:54:44
211.45,2020-07-22 10:54:45
211.45,2020-07-22 10:54:46
211.35,2020-07-22 10:54:46
211.4,2020-07-22 10:54:47
211.4,2020-07-22 10:54:48
211.4,2020-07-22 10:54:49
211.4,2020-07-22 10:54:52
211.4,2020-07-22 10:54:53
211.4,2020-07-22 10:54:54
211.3,2020-07-22 10:54:54
211.3,2020-07-22 10:54:55
211.4,2020-07-22 10:54:57
211.3,2020-07-22 10:54:57
211.3,2020-07-22 10:54:59
211.3,2020-07-22 10:55:00
211.3,2020-07-22 10:55:01
211.3,2020-07-22 10:55:01
211.3,2020-07-22 10:55:02
211.3,2020-07-22 10:55:02
211.35,2020-07-22 10:55:03
211.2,2020-07-22 10:55:04
211.25,2020-07-22 10:55:05
211.25,2020-07-22 10:55:06
211.25,2020-07-22 10:55:07
211.25,2020-07-22 10:55:08
211.25,2020-07-22 10:55:10
211.2,2020-07-22 10:55:10
211.2,2020-07-22 10:55:11
211.2,2020-07-22 10:55:12
211.2,2020-07-22 10:55:13
211.2,2020-07-22 10:55:14
211.2,2020-07-22 10:55:15
211.2,2020-07-22 10:55:15
211.25,2020-07-22 10:55:16
211.2,2020-07-22 10:55:17
211.2,2020-07-22 10:55:17
211.2,2020-07-22 10:55:20
210.8,2020-07-22 10:55:20
210.8,2020-07-22 10:55:21
210.8,2020-07-22 10:55:21
210.9,2020-07-22 10:55:22
210.95,2020-07-22 10:55:23
210.95,2020-07-22 10:55:24
210.9,2020-07-22 10:55:24
210.9,2020-07-22 10:55:25
210.9,2020-07-22 10:55:26
210.9,2020-07-22 10:55:27
211.0,2020-07-22 10:55:28
211.0,2020-07-22 10:55:28
211.0,2020-07-22 10:55:29
211.0,2020-07-22 10:55:31
211.0,2020-07-22 10:55:32
211.0,2020-07-22 10:55:32
211.0,2020-07-22 10:55:33
210.9,2020-07-22 10:55:33
210.9,2020-07-22 10:55:34
211.0,2020-07-22 10:55:35
210.9,2020-07-22 10:55:36
210.9,2020-07-22 10:55:36
210.9,2020-07-22 10:55:37
210.9,2020-07-22 10:55:38
210.9,2020-07-22 10:55:39
210.9,2020-07-22 10:55:40
210.9,2020-07-22 10:55:40
210.9,2020-07-22 10:55:41
211.0,2020-07-22 10:55:41
211.05,2020-07-22 10:55:42
211.0,2020-07-22 10:55:43
211.0,2020-07-22 10:55:44
211.0,2020-07-22 10:55:45
211.0,2020-07-22 10:55:46
210.9,2020-07-22 10:55:47
210.9,2020-07-22 10:55:47
210.9,2020-07-22 10:55:48
210.9,2020-07-22 10:55:49
211.0,2020-07-22 10:55:50
211.05,2020-07-22 10:55:50
211.05,2020-07-22 10:55:51
211.0,2020-07-22 10:55:52
210.9,2020-07-22 10:55:53
210.9,2020-07-22 10:55:54
211.0,2020-07-22 10:55:54
211.0,2020-07-22 10:55:56
211.0,2020-07-22 10:55:57
211.0,2020-07-22 10:55:58
211.0,2020-07-22 10:55:59
210.9,2020-07-22 10:56:00
211.0,2020-07-22 10:56:00
210.9,2020-07-22 10:56:02
211.05,2020-07-22 10:56:03
211.05,2020-07-22 10:56:03
211.05,2020-07-22 10:56:04
210.9,2020-07-22 10:56:05
211.0,2020-07-22 10:56:05
211.0,2020-07-22 10:56:07
211.0,2020-07-22 10:56:08
211.0,2020-07-22 10:56:08
211.0,2020-07-22 10:56:09
211.0,2020-07-22 10:56:09
211.0,2020-07-22 10:56:10
211.0,2020-07-22 10:56:11
211.0,2020-07-22 10:56:13
211.0,2020-07-22 10:56:13
211.0,2020-07-22 10:56:14
211.0,2020-07-22 10:56:15
211.1,2020-07-22 10:56:15
211.1,2020-07-22 10:56:16
211.0,2020-07-22 10:56:17
211.0,2020-07-22 10:56:18
211.15,2020-07-22 10:56:20
211.15,2020-07-22 10:56:20
211.15,2020-07-22 10:56:21
211.15,2020-07-22 10:56:21
211.15,2020-07-22 10:56:23
211.0,2020-07-22 10:56:23
211.0,2020-07-22 10:56:24
211.1,2020-07-22 10:56:25
211.1,2020-07-22 10:56:26
211.0,2020-07-22 10:56:28
211.0,2020-07-22 10:56:29
211.0,2020-07-22 10:56:30
211.0,2020-07-22 10:56:31
211.0,2020-07-22 10:56:31
211.0,2020-07-22 10:56:32
211.1,2020-07-22 10:56:33
211.1,2020-07-22 10:56:34
211.1,2020-07-22 10:56:34
211.1,2020-07-22 10:56:35
211.1,2020-07-22 10:56:36
211.0,2020-07-22 10:56:36
211.0,2020-07-22 10:56:37
211.0,2020-07-22 10:56:38
211.0,2020-07-22 10:56:39
211.0,2020-07-22 10:56:40
211.0,2020-07-22 10:56:40
211.15,2020-07-22 10:56:41
211.15,2020-07-22 10:56:42
211.15,2020-07-22 10:56:42
211.15,2020-07-22 10:56:43
211.15,2020-07-22 10:56:44
211.1,2020-07-22 10:56:44
211.1,2020-07-22 10:56:45
211.1,2020-07-22 10:56:45
211.1,2020-07-22 10:56:47
211.1,2020-07-22 10:56:47
211.1,2020-07-22 10:56:48
211.1,2020-07-22 10:56:49
211.1,2020-07-22 10:56:50
211.1,2020-07-22 10:56:51
211.05,2020-07-22 10:56:51
211.1,2020-07-22 10:56:53
211.1,2020-07-22 10:56:53
211.1,2020-07-22 10:56:54
211.1,2020-07-22 10:56:55
211.1,2020-07-22 10:56:56
211.1,2020-07-22 10:56:56
211.15,2020-07-22 10:56:56
211.1,2020-07-22 10:56:57
211.1,2020-07-22 10:56:58
211.15,2020-07-22 10:56:59
211.15,2020-07-22 10:56:59
211.15,2020-07-22 10:57:00
211.15,2020-07-22 10:57:01
211.15,2020-07-22 10:57:01
211.15,2020-07-22 10:57:02
211.15,2020-07-22 10:57:03
211.15,2020-07-22 10:57:04
211.1,2020-07-22 10:57:04
211.1,2020-07-22 10:57:05
211.1,2020-07-22 10:57:06
211.1,2020-07-22 10:57:07
211.1,2020-07-22 10:57:08
211.0,2020-07-22 10:57:09
211.15,2020-07-22 10:57:09
211.15,2020-07-22 10:57:10
211.15,2020-07-22 10:57:10
211.15,2020-07-22 10:57:11
211.1,2020-07-22 10:57:12
211.1,2020-07-22 10:57:13
211.1,2020-07-22 10:57:13
211.1,2020-07-22 10:57:14
211.1,2020-07-22 10:57:15
211.1,2020-07-22 10:57:16
211.1,2020-07-22 10:57:17
211.1,2020-07-22 10:57:18
211.1,2020-07-22 10:57:18
211.1,2020-07-22 10:57:19
211.1,2020-07-22 10:57:20
211.1,2020-07-22 10:57:20
211.1,2020-07-22 10:57:21
211.1,2020-07-22 10:57:21
211.1,2020-07-22 10:57:22
211.1,2020-07-22 10:57:23
211.1,2020-07-22 10:57:24
211.1,2020-07-22 10:57:26
211.15,2020-07-22 10:57:26
211.15,2020-07-22 10:57:27
211.15,2020-07-22 10:57:27
211.15,2020-07-22 10:57:28
211.15,2020-07-22 10:57:29
211.15,2020-07-22 10:57:30
211.1,2020-07-22 10:57:31
211.1,2020-07-22 10:57:31
211.1,2020-07-22 10:57:32
211.1,2020-07-22 10:57:33
211.1,2020-07-22 10:57:34
211.1,2020-07-22 10:57:34
211.1,2020-07-22 10:57:35
211.1,2020-07-22 10:57:36
211.1,2020-07-22 10:57:37
211.1,2020-07-22 10:57:38
211.2,2020-07-22 10:57:38
211.1,2020-07-22 10:57:39
211.1,2020-07-22 10:57:40
211.1,2020-07-22 10:57:41
211.1,2020-07-22 10:57:42
211.1,2020-07-22 10:57:43
211.1,2020-07-22 10:57:44
211.1,2020-07-22 10:57:45
211.2,2020-07-22 10:57:45
211.2,2020-07-22 10:57:46
211.25,2020-07-22 10:57:47
211.2,2020-07-22 10:57:48
211.1,2020-07-22 10:57:49
211.1,2020-07-22 10:57:51
211.1,2020-07-22 10:57:51
211.1,2020-07-22 10:57:52
211.1,2020-07-22 10:57:52
211.1,2020-07-22 10:57:54
211.1,2020-07-22 10:57:54
211.1,2020-07-22 10:57:55
211.1,2020-07-22 10:57:58
211.1,2020-07-22 10:57:58
211.1,2020-07-22 10:58:00
211.1,2020-07-22 10:58:01
211.15,2020-07-22 10:58:02
211.15,2020-07-22 10:58:03
211.1,2020-07-22 10:58:04
211.1,2020-07-22 10:58:05
211.1,2020-07-22 10:58:05
211.2,2020-07-22 10:58:07
211.1,2020-07-22 10:58:07
211.1,2020-07-22 10:58:08
211.1,2020-07-22 10:58:08
211.1,2020-07-22 10:58:09
211.1,2020-07-22 10:58:11
211.15,2020-07-22 10:58:12
211.15,2020-07-22 10:58:13
211.15,2020-07-22 10:58:13
211.15,2020-07-22 10:58:14
211.25,2020-07-22 10:58:15
211.25,2020-07-22 10:58:15
211.3,2020-07-22 10:58:16
211.3,2020-07-22 10:58:17
211.3,2020-07-22 10:58:18
211.25,2020-07-22 10:58:19
211.25,2020-07-22 10:58:20
211.25,2020-07-22 10:58:20
211.25,2020-07-22 10:58:22
211.25,2020-07-22 10:58:22
211.3,2020-07-22 10:58:23
211.15,2020-07-22 10:58:24
211.15,2020-07-22 10:58:25
211.15,2020-07-22 10:58:26
211.3,2020-07-22 10:58:27
211.3,2020-07-22 10:58:28
211.15,2020-07-22 10:58:29
211.15,2020-07-22 10:58:29
211.25,2020-07-22 10:58:29
211.25,2020-07-22 10:58:30
211.2,2020-07-22 10:58:31
211.2,2020-07-22 10:58:33
211.2,2020-07-22 10:58:34
211.15,2020-07-22 10:58:34
211.15,2020-07-22 10:58:35
211.15,2020-07-22 10:58:35
211.25,2020-07-22 10:58:36
211.25,2020-07-22 10:58:37
211.25,2020-07-22 10:58:38
211.2,2020-07-22 10:58:39
211.3,2020-07-22 10:58:40
211.3,2020-07-22 10:58:41
211.3,2020-07-22 10:58:42
211.3,2020-07-22 10:58:43
211.3,2020-07-22 10:58:43
211.3,2020-07-22 10:58:44
211.4,2020-07-22 10:58:45
211.3,2020-07-22 10:58:46
211.3,2020-07-22 10:58:47
211.3,2020-07-22 10:58:48
211.3,2020-07-22 10:58:50
211.3,2020-07-22 10:58:51
211.35,2020-07-22 10:58:52
211.35,2020-07-22 10:58:53
211.35,2020-07-22 10:58:54
211.35,2020-07-22 10:58:55
211.35,2020-07-22 10:58:55
211.4,2020-07-22 10:58:56
211.4,2020-07-22 10:58:56
211.45,2020-07-22 10:58:57
211.45,2020-07-22 10:58:57
211.4,2020-07-22 10:58:58
211.35,2020-07-22 10:58:59
211.25,2020-07-22 10:59:01
211.25,2020-07-22 10:59:01
211.4,2020-07-22 10:59:02
211.4,2020-07-22 10:59:03
211.3,2020-07-22 10:59:04
211.3,2020-07-22 10:59:06
211.3,2020-07-22 10:59:06
211.3,2020-07-22 10:59:07
211.3,2020-07-22 10:59:07
211.3,2020-07-22 10:59:09
211.35,2020-07-22 10:59:09
211.35,2020-07-22 10:59:10
211.35,2020-07-22 10:59:11
211.35,2020-07-22 10:59:12
211.35,2020-07-22 10:59:13
211.35,2020-07-22 10:59:14
211.35,2020-07-22 10:59:14
211.35,2020-07-22 10:59:16
211.35,2020-07-22 10:59:17
211.35,2020-07-22 10:59:17
211.35,2020-07-22 10:59:18
211.35,2020-07-22 10:59:19
211.35,2020-07-22 10:59:19
211.3,2020-07-22 10:59:20
211.3,2020-07-22 10:59:20
211.35,2020-07-22 10:59:22
211.35,2020-07-22 10:59:22
211.4,2020-07-22 10:59:24
211.4,2020-07-22 10:59:24
211.4,2020-07-22 10:59:25
211.4,2020-07-22 10:59:26
211.4,2020-07-22 10:59:28
211.4,2020-07-22 10:59:30
211.4,2020-07-22 10:59:30
211.4,2020-07-22 10:59:31
211.4,2020-07-22 10:59:33
211.4,2020-07-22 10:59:34
211.4,2020-07-22 10:59:34
211.3,2020-07-22 10:59:36
211.4,2020-07-22 10:59:37
211.4,2020-07-22 10:59:38
211.4,2020-07-22 10:59:39
211.4,2020-07-22 10:59:40
211.4,2020-07-22 10:59:40
211.4,2020-07-22 10:59:41
211.4,2020-07-22 10:59:42
211.4,2020-07-22 10:59:43
211.35,2020-07-22 10:59:44
211.35,2020-07-22 10:59:45
211.4,2020-07-22 10:59:47
211.4,2020-07-22 10:59:47
211.4,2020-07-22 10:59:48
211.4,2020-07-22 10:59:49
211.4,2020-07-22 10:59:50
211.4,2020-07-22 10:59:50
211.4,2020-07-22 10:59:52
211.4,2020-07-22 10:59:53
211.2,2020-07-22 10:59:54
211.2,2020-07-22 10:59:55
211.25,2020-07-22 10:59:56
211.25,2020-07-22 10:59:56
211.15,2020-07-22 10:59:56
211.15,2020-07-22 10:59:57
211.1,2020-07-22 10:59:58
211.1,2020-07-22 10:59:58
211.1,2020-07-22 10:59:59
211.1,2020-07-22 11:00:00
211.1,2020-07-22 11:00:01
211.1,2020-07-22 11:00:02
211.1,2020-07-22 11:00:03
211.1,2020-07-22 11:00:03
211.1,2020-07-22 11:00:05
211.2,2020-07-22 11:00:06
211.2,2020-07-22 11:00:06
211.2,2020-07-22 11:00:07
211.1,2020-07-22 11:00:07
211.1,2020-07-22 11:00:08
211.0,2020-07-22 11:00:09
211.1,2020-07-22 11:00:10
211.1,2020-07-22 11:00:11
211.1,2020-07-22 11:00:12
211.1,2020-07-22 11:00:13
211.1,2020-07-22 11:00:14
211.1,2020-07-22 11:00:15
211.0,2020-07-22 11:00:16
211.0,2020-07-22 11:00:16
211.0,2020-07-22 11:00:17
211.0,2020-07-22 11:00:17
211.0,2020-07-22 11:00:18
211.0,2020-07-22 11:00:19
211.0,2020-07-22 11:00:20
211.0,2020-07-22 11:00:21
211.0,2020-07-22 11:00:21
211.0,2020-07-22 11:00:23
211.1,2020-07-22 11:00:23
211.15,2020-07-22 11:00:24
211.15,2020-07-22 11:00:25
211.1,2020-07-22 11:00:26
211.1,2020-07-22 11:00:27
211.1,2020-07-22 11:00:29
211.1,2020-07-22 11:00:30
211.1,2020-07-22 11:00:31
211.2,2020-07-22 11:00:32
211.15,2020-07-22 11:00:33
211.15,2020-07-22 11:00:34
211.15,2020-07-22 11:00:34
211.15,2020-07-22 11:00:35
211.15,2020-07-22 11:00:36
211.25,2020-07-22 11:00:37
211.25,2020-07-22 11:00:37
211.25,2020-07-22 11:00:39
211.15,2020-07-22 11:00:40
211.15,2020-07-22 11:00:40
211.25,2020-07-22 11:00:41
211.25,2020-07-22 11:00:41
211.25,2020-07-22 11:00:44
211.25,2020-07-22 11:00:45
211.15,2020-07-22 11:00:45
211.25,2020-07-22 11:00:46
211.25,2020-07-22 11:00:46
211.25,2020-07-22 11:00:47
211.25,2020-07-22 11:00:48
211.25,2020-07-22 11:00:49
211.2,2020-07-22 11:00:50
211.2,2020-07-22 11:00:51
211.2,2020-07-22 11:00:53
211.25,2020-07-22 11:00:54
211.15,2020-07-22 11:00:54
211.15,2020-07-22 11:00:55
211.15,2020-07-22 11:00:56
211.15,2020-07-22 11:00:56
211.15,2020-07-22 11:00:57
211.1,2020-07-22 11:00:58
211.2,2020-07-22 11:00:58
211.2,2020-07-22 11:00:59
211.2,2020-07-22 11:01:00
211.2,2020-07-22 11:01:02
211.2,2020-07-22 11:01:03
211.1,2020-07-22 11:01:04
211.1,2020-07-22 11:01:05
211.1,2020-07-22 11:01:06
211.1,2020-07-22 11:01:06
211.1,2020-07-22 11:01:07
211.1,2020-07-22 11:01:08
211.1,2020-07-22 11:01:09
211.1,2020-07-22 11:01:10
211.1,2020-07-22 11:01:11
211.1,2020-07-22 11:01:12
211.25,2020-07-22 11:01:12
211.15,2020-07-22 11:01:13
211.15,2020-07-22 11:01:13
211.15,2020-07-22 11:01:15
211.15,2020-07-22 11:01:15
211.15,2020-07-22 11:01:16
211.15,2020-07-22 11:01:17
211.15,2020-07-22 11:01:18
211.15,2020-07-22 11:01:19
211.15,2020-07-22 11:01:20
211.15,2020-07-22 11:01:21
211.15,2020-07-22 11:01:21
211.15,2020-07-22 11:01:22
211.15,2020-07-22 11:01:24
211.25,2020-07-22 11:01:24
211.15,2020-07-22 11:01:25
211.15,2020-07-22 11:01:25
211.1,2020-07-22 11:01:26
211.15,2020-07-22 11:01:26
211.25,2020-07-22 11:01:27
211.25,2020-07-22 11:01:28
211.25,2020-07-22 11:01:29
211.25,2020-07-22 11:01:30
211.25,2020-07-22 11:01:31
211.15,2020-07-22 11:01:32
211.15,2020-07-22 11:01:32
211.15,2020-07-22 11:01:33
211.15,2020-07-22 11:01:34
211.25,2020-07-22 11:01:35
211.25,2020-07-22 11:01:35
211.25,2020-07-22 11:01:36
211.25,2020-07-22 11:01:38
211.25,2020-07-22 11:01:39
211.15,2020-07-22 11:01:39
211.25,2020-07-22 11:01:40
211.25,2020-07-22 11:01:41
211.25,2020-07-22 11:01:42
211.1,2020-07-22 11:01:42
211.25,2020-07-22 11:01:43
211.25,2020-07-22 11:01:43
211.25,2020-07-22 11:01:44
211.15,2020-07-22 11:01:45
211.15,2020-07-22 11:01:45
211.25,2020-07-22 11:01:46
211.25,2020-07-22 11:01:47
211.2,2020-07-22 11:01:48
211.15,2020-07-22 11:01:48
211.15,2020-07-22 11:01:49
211.15,2020-07-22 11:01:50
211.15,2020-07-22 11:01:51
211.15,2020-07-22 11:01:52
211.15,2020-07-22 11:01:52
211.2,2020-07-22 11:01:53
211.2,2020-07-22 11:01:53
211.2,2020-07-22 11:01:55
211.2,2020-07-22 11:01:55
211.2,2020-07-22 11:01:56
211.15,2020-07-22 11:01:57
211.15,2020-07-22 11:01:57
211.15,2020-07-22 11:01:58
211.1,2020-07-22 11:02:00
211.1,2020-07-22 11:02:00
211.15,2020-07-22 11:02:01
211.15,2020-07-22 11:02:03
211.15,2020-07-22 11:02:04
211.15,2020-07-22 11:02:04
211.15,2020-07-22 11:02:05
211.15,2020-07-22 11:02:07
211.15,2020-07-22 11:02:07
211.2,2020-07-22 11:02:08
211.2,2020-07-22 11:02:10
211.2,2020-07-22 11:02:11
211.2,2020-07-22 11:02:12
211.2,2020-07-22 11:02:13
211.2,2020-07-22 11:02:13
211.2,2020-07-22 11:02:15
211.15,2020-07-22 11:02:15
211.15,2020-07-22 11:02:16
211.2,2020-07-22 11:02:17
211.2,2020-07-22 11:02:18
211.2,2020-07-22 11:02:19
211.25,2020-07-22 11:02:20
211.15,2020-07-22 11:02:22
211.15,2020-07-22 11:02:22
211.15,2020-07-22 11:02:24
211.3,2020-07-22 11:02:25
211.35,2020-07-22 11:02:25
211.35,2020-07-22 11:02:26
211.35,2020-07-22 11:02:26
211.35,2020-07-22 11:02:28
211.35,2020-07-22 11:02:29
211.35,2020-07-22 11:02:30
211.35,2020-07-22 11:02:31
211.35,2020-07-22 11:02:32
211.2,2020-07-22 11:02:33
211.3,2020-07-22 11:02:33
211.35,2020-07-22 11:02:34
211.35,2020-07-22 11:02:34
211.35,2020-07-22 11:02:36
211.35,2020-07-22 11:02:36
211.35,2020-07-22 11:02:37
211.2,2020-07-22 11:02:39
211.2,2020-07-22 11:02:40
211.15,2020-07-22 11:02:41
211.15,2020-07-22 11:02:41
211.3,2020-07-22 11:02:42
211.3,2020-07-22 11:02:43
211.3,2020-07-22 11:02:44
211.3,2020-07-22 11:02:45
211.3,2020-07-22 11:02:46
211.3,2020-07-22 11:02:47
211.3,2020-07-22 11:02:48
211.3,2020-07-22 11:02:49
211.3,2020-07-22 11:02:50
211.2,2020-07-22 11:02:51
211.25,2020-07-22 11:02:51
211.3,2020-07-22 11:02:52
211.3,2020-07-22 11:02:53
211.3,2020-07-22 11:02:54
211.3,2020-07-22 11:02:55
211.3,2020-07-22 11:02:56
211.3,2020-07-22 11:02:58
211.3,2020-07-22 11:02:58
211.3,2020-07-22 11:02:59
211.3,2020-07-22 11:03:00
211.3,2020-07-22 11:03:01
211.3,2020-07-22 11:03:02
211.2,2020-07-22 11:03:04
211.2,2020-07-22 11:03:05
211.2,2020-07-22 11:03:05
211.2,2020-07-22 11:03:06
211.1,2020-07-22 11:03:07
211.1,2020-07-22 11:03:08
211.2,2020-07-22 11:03:09
211.1,2020-07-22 11:03:10
211.1,2020-07-22 11:03:11
211.2,2020-07-22 11:03:12
211.1,2020-07-22 11:03:13
211.1,2020-07-22 11:03:13
211.2,2020-07-22 11:03:14
211.2,2020-07-22 11:03:14
211.2,2020-07-22 11:03:15
211.2,2020-07-22 11:03:16
211.1,2020-07-22 11:03:17
211.1,2020-07-22 11:03:18
211.25,2020-07-22 11:03:19
211.25,2020-07-22 11:03:20
211.25,2020-07-22 11:03:21
211.25,2020-07-22 11:03:22
211.25,2020-07-22 11:03:23
211.25,2020-07-22 11:03:25
211.15,2020-07-22 11:03:26
211.15,2020-07-22 11:03:27
211.15,2020-07-22 11:03:28
211.15,2020-07-22 11:03:28
211.15,2020-07-22 11:03:30
211.15,2020-07-22 11:03:30
211.05,2020-07-22 11:03:31
211.0,2020-07-22 11:03:32
211.0,2020-07-22 11:03:33
210.8,2020-07-22 11:03:35
210.95,2020-07-22 11:03:35
210.95,2020-07-22 11:03:36
210.95,2020-07-22 11:03:37
210.95,2020-07-22 11:03:38
210.9,2020-07-22 11:03:39
210.9,2020-07-22 11:03:39
210.9,2020-07-22 11:03:40
210.95,2020-07-22 11:03:40
210.95,2020-07-22 11:03:41
210.95,2020-07-22 11:03:42
210.95,2020-07-22 11:03:43
210.95,2020-07-22 11:03:44
210.9,2020-07-22 11:03:45
211.0,2020-07-22 11:03:46
211.0,2020-07-22 11:03:46
211.0,2020-07-22 11:03:47
210.95,2020-07-22 11:03:48
210.95,2020-07-22 11:03:49
210.9,2020-07-22 11:03:50
210.9,2020-07-22 11:03:51
210.9,2020-07-22 11:03:51
210.95,2020-07-22 11:03:52
210.95,2020-07-22 11:03:53
210.95,2020-07-22 11:03:54
210.95,2020-07-22 11:03:55
211.1,2020-07-22 11:03:55
211.3,2020-07-22 11:03:56
211.2,2020-07-22 11:03:56
211.15,2020-07-22 11:03:57
211.15,2020-07-22 11:03:58
211.2,2020-07-22 11:03:59
211.2,2020-07-22 11:03:59
211.2,2020-07-22 11:04:00
211.2,2020-07-22 11:04:01
211.2,2020-07-22 11:04:02
211.2,2020-07-22 11:04:03
211.3,2020-07-22 11:04:03
211.3,2020-07-22 11:04:04
211.3,2020-07-22 11:04:05
211.3,2020-07-22 11:04:06
211.25,2020-07-22 11:04:07
211.1,2020-07-22 11:04:08
211.1,2020-07-22 11:04:09
211.1,2020-07-22 11:04:10
211.1,2020-07-22 11:04:11
211.1,2020-07-22 11:04:12
211.1,2020-07-22 11:04:12
211.1,2020-07-22 11:04:14
211.1,2020-07-22 11:04:15
211.1,2020-07-22 11:04:16
211.1,2020-07-22 11:04:17
211.3,2020-07-22 11:04:17
211.3,2020-07-22 11:04:18
211.3,2020-07-22 11:04:19
211.2,2020-07-22 11:04:20
211.2,2020-07-22 11:04:21
211.2,2020-07-22 11:04:22
211.2,2020-07-22 11:04:22
211.2,2020-07-22 11:04:23
211.2,2020-07-22 11:04:24
211.2,2020-07-22 11:04:25
211.2,2020-07-22 11:04:25
211.3,2020-07-22 11:04:27
211.3,2020-07-22 11:04:27
211.3,2020-07-22 11:04:29
211.3,2020-07-22 11:04:30
211.3,2020-07-22 11:04:31
211.3,2020-07-22 11:04:32
211.3,2020-07-22 11:04:33
211.3,2020-07-22 11:04:34
211.3,2020-07-22 11:04:34
211.3,2020-07-22 11:04:36
211.25,2020-07-22 11:04:36
211.25,2020-07-22 11:04:37
211.25,2020-07-22 11:04:37
211.2,2020-07-22 11:04:39
211.2,2020-07-22 11:04:39
211.25,2020-07-22 11:04:41
211.25,2020-07-22 11:04:41
211.25,2020-07-22 11:04:42
211.25,2020-07-22 11:04:43
211.25,2020-07-22 11:04:43
211.25,2020-07-22 11:04:45
211.2,2020-07-22 11:04:46
211.35,2020-07-22 11:04:46
211.25,2020-07-22 11:04:47
211.25,2020-07-22 11:04:48
211.25,2020-07-22 11:04:49
211.2,2020-07-22 11:04:50
211.3,2020-07-22 11:04:52
211.3,2020-07-22 11:04:53
211.25,2020-07-22 11:04:54
211.2,2020-07-22 11:04:54
211.2,2020-07-22 11:04:56
211.2,2020-07-22 11:04:57
211.2,2020-07-22 11:04:58
211.2,2020-07-22 11:04:59
211.2,2020-07-22 11:05:00
211.2,2020-07-22 11:05:01
211.2,2020-07-22 11:05:02
211.2,2020-07-22 11:05:04
211.2,2020-07-22 11:05:05
211.2,2020-07-22 11:05:05
211.2,2020-07-22 11:05:06
211.1,2020-07-22 11:05:07
211.1,2020-07-22 11:05:07
211.1,2020-07-22 11:05:08
211.1,2020-07-22 11:05:09
211.1,2020-07-22 11:05:11
211.2,2020-07-22 11:05:11
211.2,2020-07-22 11:05:12
211.0,2020-07-22 11:05:13
211.0,2020-07-22 11:05:14
211.15,2020-07-22 11:05:15
211.0,2020-07-22 11:05:15
211.0,2020-07-22 11:05:16
211.0,2020-07-22 11:05:17
211.0,2020-07-22 11:05:18
211.0,2020-07-22 11:05:18
211.0,2020-07-22 11:05:19
211.0,2020-07-22 11:05:20
211.0,2020-07-22 11:05:21
210.95,2020-07-22 11:05:21
210.9,2020-07-22 11:05:22
210.9,2020-07-22 11:05:23
210.95,2020-07-22 11:05:24
211.0,2020-07-22 11:05:25
211.15,2020-07-22 11:05:26
211.15,2020-07-22 11:05:27
211.15,2020-07-22 11:05:27
211.1,2020-07-22 11:05:28
211.1,2020-07-22 11:05:28
211.05,2020-07-22 11:05:29
211.05,2020-07-22 11:05:29
211.05,2020-07-22 11:05:30
211.05,2020-07-22 11:05:31
211.05,2020-07-22 11:05:32
211.05,2020-07-22 11:05:33
211.05,2020-07-22 11:05:33
211.05,2020-07-22 11:05:34
211.05,2020-07-22 11:05:35
211.05,2020-07-22 11:05:36
211.05,2020-07-22 11:05:36
211.05,2020-07-22 11:05:38
211.05,2020-07-22 11:05:39
211.05,2020-07-22 11:05:39
211.05,2020-07-22 11:05:40
211.05,2020-07-22 11:05:41
211.05,2020-07-22 11:05:41
211.15,2020-07-22 11:05:42
211.15,2020-07-22 11:05:43
211.15,2020-07-22 11:05:44
211.15,2020-07-22 11:05:45
211.15,2020-07-22 11:05:46
211.15,2020-07-22 11:05:47
211.15,2020-07-22 11:05:47
211.0,2020-07-22 11:05:48
211.0,2020-07-22 11:05:50
211.0,2020-07-22 11:05:50
211.15,2020-07-22 11:05:51
211.15,2020-07-22 11:05:52
211.15,2020-07-22 11:05:53
211.15,2020-07-22 11:05:55
211.15,2020-07-22 11:05:55
211.15,2020-07-22 11:05:56
211.15,2020-07-22 11:05:57
211.15,2020-07-22 11:05:58
211.15,2020-07-22 11:05:59
211.15,2020-07-22 11:06:00
211.15,2020-07-22 11:06:02
211.15,2020-07-22 11:06:03
211.05,2020-07-22 11:06:04
211.05,2020-07-22 11:06:05
211.05,2020-07-22 11:06:06
211.05,2020-07-22 11:06:07
211.05,2020-07-22 11:06:07
211.05,2020-07-22 11:06:08
211.05,2020-07-22 11:06:09
211.15,2020-07-22 11:06:11
211.15,2020-07-22 11:06:12
211.15,2020-07-22 11:06:12
211.15,2020-07-22 11:06:13
211.15,2020-07-22 11:06:13
211.15,2020-07-22 11:06:14
211.1,2020-07-22 11:06:14
211.1,2020-07-22 11:06:15
211.1,2020-07-22 11:06:16
211.1,2020-07-22 11:06:17
211.1,2020-07-22 11:06:18
211.1,2020-07-22 11:06:19
211.1,2020-07-22 11:06:20
211.1,2020-07-22 11:06:20
211.1,2020-07-22 11:06:21
211.1,2020-07-22 11:06:22
211.1,2020-07-22 11:06:22
211.1,2020-07-22 11:06:23
211.05,2020-07-22 11:06:23
211.05,2020-07-22 11:06:24
211.05,2020-07-22 11:06:26
211.05,2020-07-22 11:06:27
211.1,2020-07-22 11:06:28
211.1,2020-07-22 11:06:28
211.1,2020-07-22 11:06:30
211.1,2020-07-22 11:06:30
211.1,2020-07-22 11:06:32
211.1,2020-07-22 11:06:33
211.1,2020-07-22 11:06:34
211.1,2020-07-22 11:06:35
211.1,2020-07-22 11:06:35
211.1,2020-07-22 11:06:37
211.1,2020-07-22 11:06:37
211.1,2020-07-22 11:06:38
211.1,2020-07-22 11:06:39
211.1,2020-07-22 11:06:41
211.1,2020-07-22 11:06:41
211.1,2020-07-22 11:06:42
211.05,2020-07-22 11:06:43
211.1,2020-07-22 11:06:44
211.1,2020-07-22 11:06:44
211.1,2020-07-22 11:06:45
211.1,2020-07-22 11:06:46
211.1,2020-07-22 11:06:46
211.1,2020-07-22 11:06:48
211.1,2020-07-22 11:06:49
211.05,2020-07-22 11:06:49
211.05,2020-07-22 11:06:50
211.05,2020-07-22 11:06:52
211.05,2020-07-22 11:06:53
211.05,2020-07-22 11:06:53
211.05,2020-07-22 11:06:55
211.05,2020-07-22 11:06:56
211.05,2020-07-22 11:06:57
211.0,2020-07-22 11:06:57
211.0,2020-07-22 11:06:58
211.05,2020-07-22 11:06:59
211.05,2020-07-22 11:07:00
211.05,2020-07-22 11:07:02
211.0,2020-07-22 11:07:03
211.0,2020-07-22 11:07:03
211.0,2020-07-22 11:07:04
211.0,2020-07-22 11:07:05
211.0,2020-07-22 11:07:06
211.0,2020-07-22 11:07:06
211.0,2020-07-22 11:07:07
211.0,2020-07-22 11:07:07
211.1,2020-07-22 11:07:08
211.0,2020-07-22 11:07:09
211.0,2020-07-22 11:07:10
210.95,2020-07-22 11:07:10
210.85,2020-07-22 11:07:12
210.85,2020-07-22 11:07:12
210.85,2020-07-22 11:07:13
210.85,2020-07-22 11:07:14
210.95,2020-07-22 11:07:15
210.9,2020-07-22 11:07:16
210.9,2020-07-22 11:07:17
210.9,2020-07-22 11:07:18
210.9,2020-07-22 11:07:19
210.85,2020-07-22 11:07:20
210.9,2020-07-22 11:07:21
210.9,2020-07-22 11:07:22
210.9,2020-07-22 11:07:22
210.85,2020-07-22 11:07:23
210.85,2020-07-22 11:07:24
210.85,2020-07-22 11:07:25
210.85,2020-07-22 11:07:26
210.9,2020-07-22 11:07:27
210.9,2020-07-22 11:07:28
210.8,2020-07-22 11:07:28
210.8,2020-07-22 11:07:29
210.8,2020-07-22 11:07:30
210.8,2020-07-22 11:07:30
210.8,2020-07-22 11:07:31
210.8,2020-07-22 11:07:32
210.9,2020-07-22 11:07:33
210.9,2020-07-22 11:07:34
210.9,2020-07-22 11:07:35
210.8,2020-07-22 11:07:35
210.8,2020-07-22 11:07:36
210.8,2020-07-22 11:07:36
210.8,2020-07-22 11:07:37
210.9,2020-07-22 11:07:38
210.9,2020-07-22 11:07:39
210.9,2020-07-22 11:07:40
210.95,2020-07-22 11:07:40
210.9,2020-07-22 11:07:41
210.9,2020-07-22 11:07:41
210.9,2020-07-22 11:07:42
210.9,2020-07-22 11:07:43
210.9,2020-07-22 11:07:44
210.9,2020-07-22 11:07:45
210.9,2020-07-22 11:07:46
210.9,2020-07-22 11:07:48
210.9,2020-07-22 11:07:48
210.85,2020-07-22 11:07:49
210.85,2020-07-22 11:07:50
210.85,2020-07-22 11:07:51
210.85,2020-07-22 11:07:52
210.95,2020-07-22 11:07:52
210.95,2020-07-22 11:07:53
210.95,2020-07-22 11:07:54
210.95,2020-07-22 11:07:55
210.95,2020-07-22 11:07:56
210.95,2020-07-22 11:07:56
210.95,2020-07-22 11:07:57
210.9,2020-07-22 11:07:59
210.9,2020-07-22 11:07:59
210.9,2020-07-22 11:08:01
210.9,2020-07-22 11:08:01
210.9,2020-07-22 11:08:02
210.85,2020-07-22 11:08:03
210.85,2020-07-22 11:08:04
210.85,2020-07-22 11:08:04
210.85,2020-07-22 11:08:06
210.85,2020-07-22 11:08:07
210.85,2020-07-22 11:08:08
210.85,2020-07-22 11:08:08
210.85,2020-07-22 11:08:10
210.9,2020-07-22 11:08:11
210.9,2020-07-22 11:08:11
210.9,2020-07-22 11:08:12
210.9,2020-07-22 11:08:12
210.9,2020-07-22 11:08:13
210.9,2020-07-22 11:08:14
210.9,2020-07-22 11:08:14
210.9,2020-07-22 11:08:15
210.9,2020-07-22 11:08:16
210.9,2020-07-22 11:08:16
210.85,2020-07-22 11:08:18
210.85,2020-07-22 11:08:18
210.95,2020-07-22 11:08:20
210.95,2020-07-22 11:08:20
210.95,2020-07-22 11:08:21
210.85,2020-07-22 11:08:21
210.85,2020-07-22 11:08:22
210.85,2020-07-22 11:08:23
210.85,2020-07-22 11:08:24
210.85,2020-07-22 11:08:25
210.9,2020-07-22 11:08:26
210.9,2020-07-22 11:08:27
210.9,2020-07-22 11:08:28
210.9,2020-07-22 11:08:28
210.9,2020-07-22 11:08:29
210.9,2020-07-22 11:08:30
210.9,2020-07-22 11:08:30
210.9,2020-07-22 11:08:31
210.85,2020-07-22 11:08:32
210.9,2020-07-22 11:08:33
210.9,2020-07-22 11:08:34
210.9,2020-07-22 11:08:35
210.9,2020-07-22 11:08:36
210.9,2020-07-22 11:08:36
210.9,2020-07-22 11:08:37
210.9,2020-07-22 11:08:37
210.9,2020-07-22 11:08:38
210.85,2020-07-22 11:08:39
210.9,2020-07-22 11:08:39
210.85,2020-07-22 11:08:40
210.85,2020-07-22 11:08:40
210.85,2020-07-22 11:08:42
210.9,2020-07-22 11:08:42
210.85,2020-07-22 11:08:43
210.9,2020-07-22 11:08:44
210.9,2020-07-22 11:08:45
210.9,2020-07-22 11:08:46
210.85,2020-07-22 11:08:48
210.85,2020-07-22 11:08:49
210.85,2020-07-22 11:08:50
210.85,2020-07-22 11:08:51
210.85,2020-07-22 11:08:52
210.85,2020-07-22 11:08:53
210.85,2020-07-22 11:08:54
210.85,2020-07-22 11:08:54
210.85,2020-07-22 11:08:56
210.85,2020-07-22 11:08:58
210.7,2020-07-22 11:08:59
210.7,2020-07-22 11:08:59
210.7,2020-07-22 11:09:00
210.7,2020-07-22 11:09:01
210.75,2020-07-22 11:09:02
210.75,2020-07-22 11:09:03
210.75,2020-07-22 11:09:04
210.75,2020-07-22 11:09:04
210.7,2020-07-22 11:09:05
210.75,2020-07-22 11:09:06
210.6,2020-07-22 11:09:07
210.75,2020-07-22 11:09:08
210.65,2020-07-22 11:09:10
210.65,2020-07-22 11:09:10
210.65,2020-07-22 11:09:11
210.65,2020-07-22 11:09:12
210.65,2020-07-22 11:09:12
210.6,2020-07-22 11:09:14
210.75,2020-07-22 11:09:15
210.6,2020-07-22 11:09:15
210.6,2020-07-22 11:09:15
210.6,2020-07-22 11:09:16
210.6,2020-07-22 11:09:17
210.6,2020-07-22 11:09:18
210.6,2020-07-22 11:09:20
210.6,2020-07-22 11:09:21
210.6,2020-07-22 11:09:21
210.6,2020-07-22 11:09:22
210.6,2020-07-22 11:09:22
210.6,2020-07-22 11:09:23
210.6,2020-07-22 11:09:24
210.6,2020-07-22 11:09:24
210.6,2020-07-22 11:09:25
210.65,2020-07-22 11:09:25
210.65,2020-07-22 11:09:26
210.65,2020-07-22 11:09:27
210.65,2020-07-22 11:09:28
210.6,2020-07-22 11:09:30
210.6,2020-07-22 11:09:30
210.6,2020-07-22 11:09:30
210.65,2020-07-22 11:09:31
210.65,2020-07-22 11:09:31
210.65,2020-07-22 11:09:32
210.6,2020-07-22 11:09:33
210.7,2020-07-22 11:09:34
210.5,2020-07-22 11:09:35
210.65,2020-07-22 11:09:36
210.65,2020-07-22 11:09:36
210.65,2020-07-22 11:09:37
210.65,2020-07-22 11:09:37
210.65,2020-07-22 11:09:38
210.65,2020-07-22 11:09:39
210.65,2020-07-22 11:09:39
210.65,2020-07-22 11:09:40
210.6,2020-07-22 11:09:40
210.6,2020-07-22 11:09:41
210.6,2020-07-22 11:09:41
210.7,2020-07-22 11:09:43
210.7,2020-07-22 11:09:44
210.65,2020-07-22 11:09:45
210.65,2020-07-22 11:09:46
210.65,2020-07-22 11:09:47
210.6,2020-07-22 11:09:48
210.6,2020-07-22 11:09:49
210.6,2020-07-22 11:09:49
